[
  {"area":"MER","path":"C:\\Program Files\\nodejs\\node.exe","name":"Node"},
  {"area":"MER","path":"D:\\Viewlead\\CheckFTP\\CheckFTP.exe","name":"CheckFTP"},
  {"area":"MER","path":"D:\\GW\\MRxReceiver\\MRxReceiver.exe","name":"MRxReceiver"},
  {"area":"MER","path":"C:\\Users\\Administrator\\Desktop\\Release\\MRxReciever_ePCR.exe","name":"MRxReciever_ePCR"},
  {"area":"MER","path":"D:\\GW\\VideoIn\\VideoIn.exe","name":"VideoIn"},
  {"area":"MER","path":"D:\\GW\\VideoIn_v2\\VideoIn_v2.exe","name":"VideoIn_v2"},
  {"area":"MER","path":"C:\\Users\\Administrator\\AppData\\Roaming\\BitTorrent Sync\\BTSync.exe","name":"BTSync"},
  {"area":"MER","path":"C:\\Program Files (x86)\\freeFTPd\\freeFTPdService.exe","name":"freeFTPdService"},
  {"area":"MER","path":"C:\\Program Files\\Microsoft SQL Server\\MSSQL11.MSSQLSERVER\\MSSQL\\Binn\\sqlservr.exe","name":"sqlservr"},
  {"area":"MER","path":"C:\\Program Files (x86)\\Notepad++\\notepad++.exe","name":"notepad++"}
]
